{"cameraMode":{"drawMode":0,"name":"Shaded","section":"Shading Mode"},"sceneLighting":true,"audioPlay":false,"sceneViewState":{"m_AlwaysRefresh":false,"showFog":true,"showSkybox":true,"showFlares":true,"showImageEffects":true,"showParticleSystems":true,"showVisualEffectGraphs":true,"m_FxEnabled":true},"in2DMode":false,"pivot":{"x":607.0032958984375,"y":-271.40618896484377,"z":1118.5032958984375},"rotation":{"x":0.1013471782207489,"y":0.2549040615558624,"z":-0.027571285143494607,"w":0.9612534642219544},"size":673.9617309570313,"orthographic":false}