{"cameraMode":{"drawMode":0,"name":"Shaded","section":"Shading Mode"},"sceneLighting":false,"audioPlay":false,"sceneViewState":{"m_AlwaysRefresh":false,"showFog":true,"showSkybox":false,"showFlares":true,"showImageEffects":true,"showParticleSystems":true,"showVisualEffectGraphs":true,"m_FxEnabled":true},"in2DMode":false,"pivot":{"x":-679.7194213867188,"y":241.56472778320313,"z":-681.5950317382813},"rotation":{"x":-0.13489757478237153,"y":0.0020775524899363519,"z":-0.0002847043506335467,"w":-0.9908644556999207},"size":996.8016967773438,"orthographic":false}